date,keyword,rank,url,title,snippet
2026-08-25,Adele Liu,1,https://www.linkedin.com/pub/dir/Adele/Liu,"40+ ""Adele Liu"" profiles","View the profiles of professionals named ""Adele Liu"" on LinkedIn. There are 40+ professionals named ""Adele Liu"", who use LinkedIn to exchange information, ..."
2026-08-25,Adele Liu,2,https://www.adeleliu.me/,Home - Adele Liu | Taiwan × Italy Food & Culture,"Adele Liu – Taiwan-born food creator in Italy. Italian recipes, cooking classes, and stories bridging Taiwan and Italy."
2026-08-25,Adele Liu,3,https://www.facebook.com/adele.liu/,Adele Liu,Adele Liu. 1428 likes · 1 talking about this. Digital creator.
2026-08-25,Adele Liu,4,https://hornsby.themadisonmedicalpractice.com.au/welcome-back-dr-adele-liu,"Welcome Back, Dr Adele Liu! | Madison Medical Practice","A graduate of the University of New South Wales, Dr Adele is currently undertaking her GP training, with a strong commitment to holistic, ..."
2026-08-25,Adele Liu,5,https://www.instagram.com/ddouadele/,Adele Liu (@ddouadele),141 followers · 248 following · 686 posts · @ddouadele: “real estate broker”
2026-08-25,Adele Liu,6,https://www.flickr.com/photos/51237895@N00/page2/,Adele Liu,Explore Adele Liu's 283 photos on Flickr ... Adele Liu. 6 Followers•3 Following. 283 Photos. Joined 2006. Follow. Save Cancel.
2026-08-25,Adele Liu,7,https://adeleliu.co.uk/adele-liu,Adele Liu Pet Art | Photography & Portrait |,"Adele Liu has a unique approach to pet photography. Her aim is to bring the studio experience to the comfort of home, where pets are most relaxed and ..."
2026-08-25,Adele Liu,8,https://www.tiktok.com/@adele.napolikitchenlife,Adele Liu (@adele.napolikitchenlife),"Adele Liu (@adele.napolikitchenlife) on TikTok | 73 Likes. 26 Followers. Explore vibrant recipes, local traditions, and my personal flair."
2026-08-25,Adele Liu,9,https://www.adeleliu.me/about-adele-liu/,About - Adele Liu | Taiwan × Italy Food & Culture,"From Taiwan to Naples, Adele Liu shares stories of food, culture, and everyday life—bridging Italian traditions and Taiwanese perspective through cooking ..."
2026-08-25,Adele Liu,10,https://www.instagram.com/adeleliu7068/,Adele Liu (@adeleliu7068),57 followers · 62 following · 78 posts · @adeleliu7068 · THE KING IS BACK · Amazing hotel built for the visitation of President Eisenhower. Amazing hotel built ...
2026-08-25,Adele 的拿坡里廚房日常,1,https://www.facebook.com/DolceSalatoAdele/,Adele的拿坡里廚房日常- Dolce&Salato,中卷搭中卷圈圈麵，連名字都在呼應，很拿坡里。 做法其實很簡單： 橄欖油、蒜頭爆香 中卷下鍋，反白後嗆白酒、加黑胡椒 快熟先撈起備用 棗型小蕃茄切半，加一點鹽 蓋鍋中小 ...
2026-08-25,Adele 的拿坡里廚房日常,2,https://www.youtube.com/@adele_cookinginitaly,Adele's Italian Kitchen - Dolce&Salato,... 的糖漬栗子？教你在家自己做！ Adele的拿坡里廚房日常. 11K views. 2 years ago · 14:11 · Mouthwatering Magic: Creamy Shrimp Potato Gnocchi. Adele的拿坡里廚房日常.
2026-08-25,Adele 的拿坡里廚房日常,3,https://www.books.com.tw/products/0010740315?srsltid=AfmBOoqielh20ttZhEWc0QaNNIggNNN9rqbVgKseKVOQ3j768Pt2eZ_1,Adele的拿坡里廚房日常：La cucina di Adele al sole di Napoli,法國廚神的自然風家庭料理：190道經典湯、沙拉、海鮮、肉類、主食和點心 ... 奈潔拉的廚房：最棒的食物，出自家的中心。
2026-08-25,Adele 的拿坡里廚房日常,4,https://www.instagram.com/adele_cookinginitaly/,Adele Liu | Italian Food & Culture (@adele_cookinginitaly),旅居拿坡里20年的台灣人 帶你吃懂真正的義大利 食材・料理・在地生活 義大利好物團購→ 每月更新 品牌合作：info@adeleliu.me · dacccccord's profile ...
2026-08-25,Adele 的拿坡里廚房日常,5,https://www.adeleliu.me/zh/tw-home/,Adele的拿坡里廚房日常,拿坡里不是一個用來旅遊的城市。 它混亂、直接、不講道理，卻真實得無法忽視。 在這裡，我學會食物從來不只是味道，而是一種生活方式。 探索拿坡里. D i s c o v e r ...
2026-08-25,Adele 的拿坡里廚房日常,6,https://www.eslite.com/product/1001261682564970?srsltid=AfmBOorH6-6hDBshrO9DHgmg7b8_QCScjgX7XzWQ3ZbCAeHIMBF3V-Cu,Adele的拿坡里廚房日常,內容簡介. 遠嫁拿坡里的台灣媳婦整理傳統拿坡里食譜書！就算三面臨火山、總理下台、退出歐盟，每天最重要的還是今天吃什麼！這就是拿坡里的廚房日常！拿坡里不是只有披薩。
2026-08-25,Adele 的拿坡里廚房日常,7,https://www.instagram.com/reel/DOOR6r-CA3d/,Adele Liu | Italian Food & Culture | 我和Giovanni兩人聯手，為 ...,我和Giovanni兩人聯手，為剛結束蜜月旅行、非常想念拿坡里家鄉味的一對夫妻朋友，準備了一場特別的晚宴。從跑魚店、備料到料理，我們一起完成，也用這 ...
2026-08-25,拿坡里食譜,1,https://www.kagome.com.tw/tw/cookbook/%E7%87%9F%E9%A4%8A%E7%BE%8E%E5%91%B3%E7%85%AE/%E7%87%9F%E9%A4%8A%E7%BE%8E%E5%91%B3%E7%85%AE/%E6%8B%BF%E5%9D%A1%E9%87%8C%E7%BE%A9%E5%A4%A7%E5%88%A9%E9%BA%B5,拿坡里義大利麵-美味食譜,拿坡里義大利麵 · 奶油 1大匙 · 德國香腸 2條 · 洋蔥絲 1/2顆 · 青椒絲 1顆 · 蘑菇片 100g · 熟義大利麵 200g · 可果美蕃茄醬 8大匙 · 牛奶 2大匙.
2026-08-25,拿坡里食譜,2,https://www.youtube.com/watch?v=QvQeZqVaNYg,世界冠軍Pizza學｜在家做出18 款道地拿坡里披薩與料理,... 拿坡里披薩與料理➤ 冠軍獨門配方、烤焙訣竅不藏私分享➤ 口味開發邏輯與Pizza 店經營分享➤ 購課送「世界披薩冠軍電子食譜」 ➤ 不限次數反覆學習X ...
2026-08-25,拿坡里食譜,3,https://icook.tw/search/%E6%8B%BF%E5%9D%A1%E9%87%8C/,《拿坡里》食譜與做法，共38 道,拿坡里料理怎麼做？愛料理精選38篇簡易食譜做法與步驟，有最新的拿坡里烏龍麵、拿坡里風炒A菜、拿坡里義大利麵、日式拿坡里義大利麵。以及塔可飯、平底鍋披薩、義式燉 ...
2026-08-25,拿坡里食譜,4,https://www.reddit.com/r/uuni/comments/vj4cmu/share_your_favorite_neapolitanneoneapolitan_dough/?tl=zh-hant,分享你最喜歡的拿坡里/新拿坡里披薩麵團食譜: r/uuni,拿坡里披薩麵團只有4種材料（麵粉、水、酵母、鹽），所以食譜就只是看你用什麼比例。而這些比例會根據你室溫和發酵時間長短而有所不同。網上的食譜不可能 ...
2026-08-25,拿坡里食譜,5,https://food.ltn.com.tw/article/12031,《First Love初戀》官方版食譜公開！日式拿坡里義大利麵還原 ...,在平底鍋中加入切碎的大蒜，加入橄欖油後開中小火，待大蒜變為淺棕色後加入香腸、洋蔥，炒至洋蔥軟化。然後加入番茄醬料及番茄醬。
2026-08-25,拿坡里食譜,6,https://www.facebook.com/DolceSalatoAdele/posts/%E5%90%83%E5%A5%BD%E5%90%83%E7%9A%84%E6%8B%BF%E5%9D%A1%E9%87%8C%E6%96%99%E7%90%86%E7%9C%9F%E7%9A%84%E8%A6%81%E6%89%BE%E6%8B%BF%E5%9D%A1%E9%87%8C%E5%AA%BD%E5%AA%BD%E5%97%8E%E5%88%A5%E6%93%94%E5%BF%83%E4%BB%8A%E5%A4%A9adele%E8%A6%81%E4%BB%8B%E7%B4%B9%E5%A4%A7%E5%AE%B6%E4%B8%80%E9%96%93%E8%97%8F%E8%BA%AB%E5%9C%A8%E6%8B%BF%E5%9D%A1%E9%87%8C%E5%82%B3%E7%B5%B1%E5%B8%82%E5%A0%B4%E8%A3%A1%E7%9A%84%E9%81%93%E5%9C%B0%E5%B0%8F%E9%A4%90%E9%A4%A8%E7%BE%A9%E5%A4%A7%E5%88%A9-%E6%8B%BF%E5%9D%A1%E9%87%8C%E7%BE%8E%E9%A3%9F-%E7%BE%A9%E5%A4%A7%E5%88%A9%E5%AE%B6%E5%B8%B8%E8%8F%9C-%E9%81%93%E5%9C%B0%E6%8B%BF%E5%9D%A1%E9%87%8C-%E5%82%B3%E7%B5%B1%E5%B8%82%E5%A0%B4/1301010687854935/,今天Adele要介紹大家一間藏身在拿坡里傳統市場裡的道 ...,兩個人一口氣吃了九卷，差點把一公斤蝦子全部吃光 食譜（約可做10–15 卷） 蔥醬油• 植物油100ml• 青蔥一小把• 醬油100ml• 蠔油 1 大匙• 砂糖1 大匙 ...
2026-08-25,拿坡里食譜,7,https://cargocollective.com/satoatsuko/filter/%E6%8A%AB%E8%96%A9%E9%A3%9F%E8%AD%9C/14010360,拿坡里式披薩/ ナポリピザ- 肚子料理生活工作室,拿坡里式披薩/ ナポリピザ //材料// ・高筋麵粉300g ・乾酵母1g ・鹽6g ・砂糖（最好是紅糖） 3g ・橄欖油1/2大匙・水180± 餡料（喜歡的都可以）
2026-08-25,拿坡里食譜,8,https://marukoblog.tw/cheese-pizza.html,【食譜】三種起司披薩拿坡里軟式披薩餅皮做法分享,拿坡里披薩餅皮食材準備及做法(可做1張餅皮約8吋) · 高筋麵粉60g · 全麥麵粉15g · 鹽巴2g · 糖1g · 酵母0.5g · 植物油2.5g · 溫水45cc (約30度c) ...
2026-08-25,拿坡里料理,1,https://www.facebook.com/DolceSalatoAdele/,Adele的拿坡里廚房日常- Dolce&Salato,做法其實很簡單： 橄欖油、蒜頭爆香 中卷下鍋，反白後嗆白酒、加黑胡椒 快熟先撈起備用 棗型小蕃茄切半，加一點鹽 蓋鍋中小火燜，讓它們慢慢軟化出汁、收成濃稠醬汁 記住一 ...
2026-08-25,拿坡里料理,2,https://wanderlustannie.com.tw/napoli-food/,【2026拿坡里美食】在地人推薦必吃清單：百年披薩/ 街頭小吃/ ...,【2026拿坡里美食】在地人推薦必吃清單：百年披薩/ 街頭小吃/ 海鮮與甜點 · 熱那亞肉醬pasta alla Genovese：Pizzeria e Trattoria al 22 · 拿坡里馬鈴薯起 ...
2026-08-25,拿坡里料理,3,https://www.facebook.com/DolceSalatoAdele/videos/%E5%90%83%E5%A5%BD%E5%90%83%E7%9A%84%E6%8B%BF%E5%9D%A1%E9%87%8C%E6%96%99%E7%90%86%E7%9C%9F%E7%9A%84%E8%A6%81%E6%89%BE%E6%8B%BF%E5%9D%A1%E9%87%8C%E5%AA%BD%E5%AA%BD%E5%97%8E%E5%88%A5%E6%93%94%E5%BF%83%E4%BB%8A%E5%A4%A9adele%E8%A6%81%E4%BB%8B%E7%B4%B9%E5%A4%A7%E5%AE%B6%E4%B8%80%E9%96%93%E8%97%8F%E8%BA%AB%E5%9C%A8%E6%8B%BF%E5%9D%A1%E9%87%8C%E5%82%B3%E7%B5%B1%E5%B8%82%E5%A0%B4%E8%A3%A1%E7%9A%84%E9%81%93%E5%9C%B0%E5%B0%8F%E9%A4%90%E9%A4%A8%E7%BE%A9%E5%A4%A7%E5%88%A9-%E6%8B%BF%E5%9D%A1%E9%87%8C%E7%BE%8E%E9%A3%9F-%E7%BE%A9%E5%A4%A7%E5%88%A9%E5%AE%B6%E5%B8%B8%E8%8F%9C-%E9%81%93%E5%9C%B0%E6%8B%BF%E5%9D%A1%E9%87%8C-%E5%82%B3%E7%B5%B1%E5%B8%82%E5%A0%B4/837722338482615/,吃好吃的拿坡里料理，真的要找拿坡里媽媽嗎？別擔心，今天 ...,吃好吃的拿坡里料理，真的要找拿坡里媽媽嗎？別擔心 ，今天Adele要介紹大家一間藏身在拿坡里傳統市場裡 的道地小餐館。 #義大利 #拿坡里美食 #義大利 ...
2026-08-25,拿坡里料理,4,https://ciaosanbo.com/%E6%8B%BF%E5%9D%A1%E9%87%8Cnapoli-%E5%8D%97%E7%BE%A9%E7%BE%8E%E9%A3%9F%E6%8E%A8%E8%96%A6%E6%8C%87%E5%8D%97%EF%BC%81%E6%8B%BF%E5%9D%A1%E9%87%8C%E8%87%AA%E5%8A%A9%E6%97%85%E9%81%8A%EF%BC%8C%E5%BF%85/,南義美食推薦指南！拿坡里必吃街頭美食、正宗披薩、炸海鮮,拿坡里必吃美食推薦1：拿坡里披薩Pizza napoletana · 拿坡里必吃美食推薦2：炸物捲筒Cuoppo Fritto · 拿坡里必吃美食推薦3：海鮮義大利麵& 炸海鮮 ...
2026-08-25,拿坡里料理,5,https://www.reddit.com/r/ItalyTravel/comments/1facsgl/naples_food/?tl=zh-hant,拿坡里美食: r/ItalyTravel,拿坡里絕對是義大利吃拿坡里料理最讚的地方。我覺得巴勒莫有我最愛的巴勒莫料理，羅馬有我最愛的羅馬料理，波隆納則是我最愛吃艾米利亞-羅馬涅地區 ...
2026-08-25,拿坡里料理,6,https://www.tripadvisor.com.tw/Restaurants-g187785-Naples_Province_of_Naples_Campania.html,10 大那不勒斯最佳美食餐廳(2026),
2026-08-25,拿坡里料理,7,https://cookpad.com/tw/%E6%90%9C%E5%B0%8B/%E6%8B%BF%E5%9D%A1%E9%87%8C,拿坡里料理與家常食譜,拿坡里 · 拿坡里風炒A菜 · 拿坡里義大利麵 · 日式拿坡里義大利麵 · 拿坡里義大利麵 · 拿坡里厚片吐司pizza · 喜達拿坡里風韓式年糕（不辣） · 手作拿坡里剝皮辣椒磨菇 ...
2026-08-25,拿坡里料理,8,https://www.adeleliu.me/zh/napoli-24-hours-food-guide/,拿坡里24小時美食攻略| 在地隱藏版餐廳推薦 - Adele Liu,無論你是第一次造訪還是重遊拿坡里，這份攻略應該能給你不少靈感。從早晨的咖啡和甜點開始，到中午的經典披薩和海鮮，再到晚餐的傳統家常菜，每一餐都是認識拿坡里的機會。
2026-08-25,拿坡里料理,9,https://www.instagram.com/reel/DARu5B3qdQ1/,Adele Liu | Italian Food & Culture | 吃好吃的拿坡里料理，真的 ...,在拿坡里方言裡，意思就是「腳和嘴巴」：主要用豬腳、牛頭還有內臟部位，水煮後放涼切片，再用最簡單的鹽巴＋大量檸檬汁調味。沒有複雜醬汁，也沒有華麗擺 ...
2026-08-25,義大利料理 Adele Liu,1,https://www.instagram.com/adele_cookinginitaly/,Adele Liu | Italian Food & Culture (@adele_cookinginitaly),旅居拿坡里20年的台灣人 帶你吃懂真正的義大利 食材・料理・在地生活 義大利好物團購→ 每月更新 品牌合作：info@adeleliu.me. Follow. Message.
2026-08-25,義大利料理 Adele Liu,2,https://www.adeleliu.me/zh/tw-home/,Adele的拿坡里廚房日常,"Adele Liu – Taiwan-born food creator in Italy. Italian recipes, cooking ... 義大利料理常被簡化，也常被誤解。在這裡，食譜不只是做法， 而是由地域、習慣與 ..."
2026-08-25,義大利料理 Adele Liu,3,https://www.books.com.tw/products/0010740315?srsltid=AfmBOorrBvJk1VLUxCrbw4oViYRs4ikJV4coK4nvOfnclxIl_7gjtEPG,Adele的拿坡里廚房日常：La cucina di Adele al sole di Napoli,來自台灣的義大利媳婦，與丈夫帕哥、愛狗麵包屑現居美食之都拿坡里十一個年頭，在各個廚藝身手非凡的婆婆、阿姨調教之下，從對料理一竅不通進化到，能夠做出一桌不亞於本地 ...
2026-08-25,義大利料理 Adele Liu,4,http://www.adeleliu.com/,"Life to italy - Life in italy, A little bit of everything! Adele Liu的 ...","Life to Italy, Life in Italy by Adele Liu的個人中文網站, 將在義大利生活多年的特別經驗和義大利時尚美食等好康資訊介紹給大家. 接收中/英/義/西/法文等商務網站 ..."
2026-08-25,義大利料理 Adele Liu,5,https://www.youtube.com/@adele_cookinginitaly,Adele's Italian Kitchen - Dolce&Salato,移居義大利已近十五個年頭，義大利菜吃得快比台灣米多了。 · [自言自語廚房] 義大利Nutella與Pan di Stelle Crema的正面對決！ · 義大利秋天吃什麼？ · 【拿坡里街頭美食- ...
2026-08-25,義大利料理 Adele Liu,6,https://www.adeleliu.me/zh/tw-about/,關於我- Adele Liu | Taiwan × Italy Food & Culture,一本以南義料理為主題的中文食譜書， 將風味與文化，一同帶給台灣讀者。 了解這本書. 理念. 我不簡化義大利料理。 我解釋它為什麼會是這個樣子。 因為在義大利，食物從來 ...
2026-08-25,義大利料理 Adele Liu,7,https://icook.tw/recipes/39340,蒜香辣椒義大利麵by Adele Liu,"材料的品質是決定這盤蒜香辣椒義大利麵美味與否的關鍵. 滑順的特級初榨橄欖油, 彈牙的義大利麵條, 撲鼻的蒜香與非常刺激的辣椒, 吃完保證讓你大呼過癮!"
2026-08-25,義大利料理 Adele Liu,8,https://www.facebook.com/K2.Cucina/posts/2018-4-17%E6%8B%BF%E5%9D%A1%E9%87%8C%E4%BF%8F%E5%BB%9A%E5%A8%98%E7%9A%84%E9%A4%90%E6%A1%8C%E9%97%9C%E6%96%BCadele-liu%E4%BE%86%E8%87%AA%E5%8F%B0%E7%81%A3%E7%9A%84%E7%BE%A9%E5%A4%A7%E5%88%A9%E5%AA%B3%E5%A9%A6%E8%88%87%E4%B8%88%E5%A4%AB%E5%B8%95%E5%93%A5%E6%84%9B%E7%8B%97%E9%BA%B5%E5%8C%85%E5%B1%91%E7%8F%BE%E5%B1%85%E7%BE%8E%E9%A3%9F%E4%B9%8B%E9%83%BD%E6%8B%BF%E5%9D%A1%E9%87%8C%E5%8D%81%E4%B8%80%E5%80%8B%E5%B9%B4%E9%A0%AD%E5%9C%A8%E5%90%84%E5%80%8B%E5%BB%9A%E8%97%9D%E8%BA%AB%E6%89%8B%E9%9D%9E%E5%87%A1%E7%9A%84%E5%A9%86%E5%A9%86%E9%98%BF%E5%A7%A8%E8%AA%BF%E6%95%99%E4%B9%8B/1644462722269395/,【2018-4-17拿坡里俏廚娘的餐桌】 ｜關於Adele Liu 來自 ...,... Adele Liu 來自台灣的義大利媳婦，與丈夫帕哥、愛狗麵包屑現居美食之都拿坡里十一個年頭，在各個廚藝身手非凡的婆婆、阿姨調教之下，從對料理一竅不通 ...
2026-08-25,義大利生活 Adele Liu,1,https://www.instagram.com/adele_cookinginitaly/,Adele Liu | Italian Food & Culture (@adele_cookinginitaly),旅居拿坡里20年的台灣人 帶你吃懂真正的義大利 食材・料理・在地生活 義大利好物團購→ 每月更新 品牌合作：info@adeleliu.me. Follow. Message.
2026-08-25,義大利生活 Adele Liu,2,https://www.adeleliu.me/zh/tw-about/,關於我- Adele Liu | Taiwan × Italy Food & Culture,我不是為了食物來到義大利。 卻因為它，而離不開。 過去二十多年，我生活在台灣與拿坡里之間。 兩種文化看待食物的方式截然不同， 卻同樣強烈、同樣深刻。
2026-08-25,義大利生活 Adele Liu,3,http://www.adeleliu.com/,"Life to italy - Life in italy, A little bit of everything! Adele Liu的 ...","Life to Italy, Life in Italy by Adele Liu的個人中文網站, 將在義大利生活多年的特別經驗和義大利時尚美食等好康資訊介紹給大家. 接收中/英/義/西/法文等商務網站 ..."
2026-08-25,義大利生活 Adele Liu,4,https://www.adeleliu.me/zh/tag/%E7%BE%A9%E5%A4%A7%E5%88%A9%E7%94%9F%E6%B4%BB/,義大利生活Archives - Adele Liu | Taiwan × Italy Food & Culture,窗外終於放晴！Adele 用一束陽光和老闆送的香草，決定烤一份銀合歡蛋糕來慶祝婦女節。跟著食譜做，把義大利的溫暖和祝福帶進廚房吧！
2026-08-25,義大利生活 Adele Liu,5,https://www.books.com.tw/products/0010740315?srsltid=AfmBOorsN0dhC9b4dkiqUmAQvcWCNPAUJzOyMXXMCpO8tyZktUivku71,Adele的拿坡里廚房日常：La cucina di Adele al sole di Napoli,來自台灣的義大利媳婦，與丈夫帕哥、愛狗麵包屑現居美食之都拿坡里十一個年頭，在各個廚藝身手非凡的婆婆、阿姨調教之下，從對料理一竅不通進化到，能夠做出一桌不亞於本地 ...
2026-08-25,義大利生活 Adele Liu,6,https://www.youtube.com/@adele_cookinginitaly,Adele's Italian Kitchen - Dolce&Salato,Adele的拿坡里廚房日常 ... 移居義大利已近十五個年頭，義大利菜吃得快比台灣米多了。但義大利總還是有辦法在出其不意的時間或地點發生新奇事，果然是一個很難掌握的國度。
2026-08-25,義大利生活 Adele Liu,7,https://www.adeleliu.me/zh/tw-home/,Adele的拿坡里廚房日常,拿坡里不是一個用來旅遊的城市。 它混亂、直接、不講道理，卻真實得無法忽視。 在這裡，我學會食物從來不只是味道，而是一種生活方式。
2026-08-25,義大利生活 Adele Liu,8,https://www.facebook.com/DolceSalatoAdele/,Adele的拿坡里廚房日常- Dolce&Salato,很多人說拿坡里很危險，我完全同意。 拿坡里有攝人心魂的山海美景、有喧囂險惡的江湖風 情，還有令人欲罷不能的美食，這個城市太容易讓人 情迷深陷。
2026-08-25,拿坡里旅遊 Adele Liu,1,https://www.adeleliu.me/zh/tw-home/,Adele的拿坡里廚房日常,拿坡里不是一個用來旅遊的城市。 它混亂、直接、不講道理，卻真實得無法忽視。 在這裡，我學會食物從來不只是味道，而是一種生活方式。 探索拿坡里. D i s c o v e r ...
2026-08-25,拿坡里旅遊 Adele Liu,2,http://www.adeleliu.com/,"Life to italy - Life in italy, A little bit of everything! Adele Liu的 ...","Life to Italy, Life in Italy by Adele Liu的個人中文網站, 將在義大利生活多年的特別經驗和義大利時尚美食等好康資訊介紹給大家. 接收中/英/義/西/法文等商務網站 ..."
2026-08-25,拿坡里旅遊 Adele Liu,3,https://www.instagram.com/adele_cookinginitaly/,Adele Liu | Italian Food & Culture (@adele_cookinginitaly),旅居拿坡里20年的台灣人 帶你吃懂真正的義大利 食材・料理・在地生活 義大利好物團購→ 每月更新 品牌合作：info@adeleliu.me. Follow. Message.
2026-08-25,拿坡里旅遊 Adele Liu,4,https://www.adeleliu.me/zh/tag/%E6%8B%BF%E5%9D%A1%E9%87%8C%E6%97%85%E9%81%8A/,拿坡里旅遊Archives - Adele Liu | Taiwan × Italy Food & Culture,只有半天停留拿坡里？Adele 精心規劃3 條步行路線，從最美地鐵站Toledo 出發，集結街頭小吃、景點博物館、在地餐廳，保證銅板價美食吃得暢快！
2026-08-25,拿坡里旅遊 Adele Liu,5,https://www.facebook.com/DolceSalatoAdele/,Adele的拿坡里廚房日常- Dolce&Salato,拿坡里很難形容。 有點髒、有點吵、有點瘋，但也真實到讓人會不小心愛上 。 你不是來參觀歷史，而是會直接被它吸進去。 如果你想要我整理的拿坡里地圖（景點、美食 ...
2026-08-25,拿坡里旅遊 Adele Liu,6,https://www.eslite.com/product/1001261682564970?srsltid=AfmBOooICIZry-ZuN2C8rPHTLLqUlKw2flkFioJAvk10wO6ba7XoFRJq,Adele的拿坡里廚房日常,十一年前，一位台南少女為愛遠嫁到這南義第一大城，在義大利家人的傳承之下，不但學會了一手道地拿坡里傳統料理，還深深體會到「吃」這件事情對義大利人有多麼重要。書中 ...
2026-08-25,拿坡里旅遊 Adele Liu,7,https://www.books.com.tw/products/0010740315?srsltid=AfmBOorCjMe3cqJncZyR1kVW8KsT0bi-oKBdjdEDft09POOPaQozqjB-,Adele的拿坡里廚房日常：La cucina di Adele al sole di Napoli,來自台灣的義大利媳婦，與丈夫帕哥、愛狗麵包屑現居美食之都拿坡里十一個年頭，在各個廚藝身手非凡的婆婆、阿姨調教之下，從對料理一竅不通進化到，能夠做出一桌不亞於本地 ...
2026-08-25,義大利旅遊,1,https://event.liontravel.com/zh-tw/italy/index,義大利旅遊.跟團推薦.獨家新玩法,"豐富歐洲義大利旅遊行程及景點資訊,經典必遊如義大利羅馬.米蘭.威尼斯.五鄉地.阿瑪菲.卡布里島.彩色島.天空之城等熱門旅遊城市,推薦更多去的義大利特殊體驗,了解義大利 ..."
2026-08-25,義大利旅遊,2,https://www.settour.com.tw/act/gfg/europe/italy/,經典義大利跟團行程‧羅馬威尼斯佛羅倫斯,義大利旅遊推薦首選！精選義大利跟團行程，走訪羅馬、威尼斯、佛羅倫斯、米蘭等經典城市，體驗文藝復興藝術、世界遺產與浪漫南歐風情。多元團費選擇，完整義大利旅遊 ...
2026-08-25,義大利旅遊,3,https://www.travel.com.tw/TOU/TOU0020/EII1300078,義大利全覽13天(卡布里. 阿瑪菲海岸. 童話蘑菇村. 雙評鑑美食),"漫遊卡布里、龐貝、馬特拉、貢多拉、童話蘑菇村... Espresso咖啡，且威尼斯連續住續兩晚搭乘一段快速火車。升等米其林推薦及紅蝦美食指南餐廳, 讓人忍不住一再回味！"
2026-08-25,義大利旅遊,4,https://www.travel4u.com.tw/group/area/138/italy-southern-france/,精彩遊南歐｜義大利團體旅遊推薦,山富旅遊提供精選義大利旅遊，帶您走訪米蘭、威尼斯、羅馬、佛羅倫斯、比薩等經典義大利必遊景點。走訪五漁村，踏入梵諦岡聖彼得大教堂、搭乘貢多拉，探索壯麗絕美的多 ...
2026-08-25,義大利旅遊,5,https://lilliansblog.com/italy-git/,2026義大利景點推薦：羅馬/佛羅倫斯/米蘭/威尼斯必買,義大利主要熱門城市為羅馬、佛羅倫斯、威尼斯、米蘭，這幾年興起的多洛米蒂也很受歡迎，二訪義大利、旅行時間比較長或是不喜歡人擠人的朋友則喜歡波隆那、 ...
2026-08-25,義大利旅遊,6,https://www.pac-group.net/index.php?pp\u003ditaly,義大利跟團推薦攻略｜義大利景點、旅行團行程比較與團費整理,義大利最佳旅遊季節為4～6月與9～10月，氣候舒適，適合城市漫遊、古蹟參觀與托斯卡尼鄉村旅行。夏季適合海岸與湖區，但人潮較多。 Q4：北義和南義怎麼選？ 北義適合第一次 ...
2026-08-25,義大利旅遊,7,https://www.facebook.com/groups/584408401736023/,Italy義大利自助旅行交流站,歡迎加入「Italy義大利自助旅行交流站」，提供喜歡義 大利的朋友能互相交流義大利的最新旅遊資訊或心得的 地方。 進社團前歡迎先參考以下懶人包： ...
2026-08-25,義大利旅遊,8,https://www.makoto.com.tw/itinerary/areas/sn/countries/ei,義大利旅遊推薦,誠翔運通旅行社四度榮獲金質獎旅遊行程。嚴選推薦歐洲、法國、義大利、克羅埃西亞、西班牙、德國、瑞士、捷克、奧地利、日本、土耳其、摩洛哥、俄羅斯、蜜月旅遊、團體 ...
2026-08-25,義大利旅遊,9,https://www.almaburton.com.tw/customized_travel/italy-13d/,義大利旅遊13日｜走訪威尼斯佛羅倫斯與科莫湖,艾瑪伯頓規劃義大利13日文藝旅遊，全程入住五星豪華酒店，搭配尊榮包車走訪威尼斯、佛羅倫斯、西恩納、科莫湖與米蘭，感受比薩斜塔、羅馬競技場歷史風華。
2026-08-25,拿坡里自由行,1,https://www.bring-you.info/zh-tw/napoli,【義大利拿坡里】那不勒斯好玩景點、美食餐廳、住宿、旅遊攻略,拿玻里市區景點 · 聖埃莫堡（Castel Sant'Elmo） · 蛋堡（Castel dell'Ovo） · 新堡（Castel Nuovo） · 拿坡里皇宮（Palazzo Reale） · 平民表決廣場（Piazza ...
2026-08-25,拿坡里自由行,2,https://lillian.tw/napoli/,【2026拿坡里自由行攻略】那不勒斯景點/交通/行程/住宿/治安 ...,價格：拿玻里卡3天27歐/青年卡16歐。全區域卡3天41歐/7天43歐/青年卡30歐。 功能：拿玻里卡只能在拿玻里市區使用，包含地鐵、公車跟景點免費參觀。全區域 ...
2026-08-25,拿坡里自由行,3,https://wanderlustannie.com.tw/napoli/,【2026拿坡里自由行】那不勒斯旅遊：住宿區域治安/ 交通票券 ...,拿坡里自由行治安、景點交通、住宿、美食深度旅遊攻略通通都在這篇！雖然大家都擔心拿坡里治安，但它是我目前最愛的義大利城市！我的拿坡里朋友說：沒 ...
2026-08-25,拿坡里自由行,4,https://ciaosanbo.com/%E6%8B%BF%E5%9D%A1%E9%87%8Cnapoli-%E6%8B%BF%E5%9D%A1%E9%87%8C%E6%97%85%E9%81%8A%E5%BF%85%E8%A8%AA%E8%80%81%E5%9F%8E%E7%A7%81%E6%88%BF%E6%99%AF%E9%BB%9E%EF%BC%81/,拿坡里旅遊必訪老城私房景點！愛上拿坡里舊城區的老義大 ...,拿坡里老城景點1：一分為二的老城窄巷“SpaccaNapoli” · 拿坡里老城景點2：靈魂人物Pulcinella銅像 · 拿坡里老城景點3：西班牙街區Quartieri Spagnoli ...
2026-08-25,拿坡里自由行,5,https://www.youtube.com/watch?v=llYIhSqMbas,義大利旅遊攻略！2026最新拿坡里自由行4天3夜 龐貝古城 ...,拿坡里治安真的不好嗎？這次從羅馬出發，走進義大利南部最有生命力的城市。這集是我的2026 最新拿坡里自由行Vlog。旅程一開始就遇上義大利罷工， ...
2026-08-25,拿坡里自由行,6,https://oliviatraveling.com/napoli/,南義｜快閃拿坡里(Napoli)自由行攻略：行前準備、景點,建議住在托萊多街、翁貝托一世長廊、平民表決廣場、拿坡里王宮和保羅聖芳濟教堂附近，那邊有滿多東西可以吃，要去港口搭船也很方便！
2026-08-25,拿坡里自由行,7,https://carolblog.tw/napoli/,拿坡里自由行攻略2026｜五天四夜行程、那不勒斯景點,拿坡里景點 · 拿坡里考古博物館：收藏大量龐貝文物，建議安排在龐貝古城之後再來。 · 聖埃莫堡：山上的堡壘，可以俯瞰拿坡里和大海，還能看到維蘇威火山。
2026-08-25,拿坡里自由行,8,https://kimiyo.tw/napoli/,【拿坡里自助旅遊】龐貝古城、卡布里藍洞與阿瑪菲海岸行程規劃,拿坡里市區1天、蘇連多+龐貝1天、卡布里島1天、阿瑪菲海岸1~2天，如果以蘇連多為中心並用放射狀方式規劃，最少需要4~5天才能夠把周邊景點看個粗略，但其實 ...
2026-08-25,拿坡里自由行,9,https://www.klook.com/zh-TW/destination/c126-naples/,那不勒斯自由行旅遊攻略2026:景點推薦,靜靜守在坎帕尼亞大區的一個低調城市──那不勒斯，其實是世界上最古老的文明地區之一！除了以美食聞名，那不勒斯也是全球不少重要藝術品與建築的搖籃。
2026-08-25,義大利美食旅遊,1,https://lillian.tw/italy_food/,【2026義大利自由行美食攻略】在地人推薦美食/飲食文化/省 ...,義大利可以說是美食的天堂，大家到義大利自由行一定會每天都吃到一個翻掉，這篇文章集結了我義大利75天自由行當地人推薦我吃的必吃美食、我自己心目中 ...
2026-08-25,義大利美食旅遊,2,https://www.getyourguide.com/zh-tw/explorer/italy-ttd169011/food-in-italy/,十道菜，帶你認識義大利（Italy）最棒的美食,義大利最棒的美食：十道必吃的知名菜餚（Italy） · 1. 米蘭風味燴飯（Risotto alla Milanese） · 2. 卡邦納拉（Carbonara） · 3. 提拉米蘇（Tiramisu） · 4. 那不勒斯風味披薩 ...
2026-08-25,義大利美食旅遊,3,https://ciaosanbo.com/%E7%BE%A9%E5%A4%A7%E5%88%A9-italy-%E7%BE%A9%E5%A4%A7%E5%88%A9%E5%BF%85%E5%90%83%E7%BE%8E%E9%A3%9F%E6%8E%A8%E8%96%A6%E6%B8%85%E5%96%AE%EF%BC%81%E4%B8%8D%E8%83%BD%E9%8C%AF%E9%81%8E%E7%9A%84%E7%BE%A9/,義大利必吃美食推薦清單！不能錯過的義大利美食,義大利必吃美食推薦1 ： · Pizza、瑪格麗特披薩 · 義大利必吃美食推薦2 ： · Pasta 義大利麵& Lasagna千層麵 · 義大利必吃美食推薦3 ： · 義式濃縮咖啡(Caffè) ...
2026-08-25,義大利美食旅遊,4,https://www.reddit.com/r/ItalyTravel/comments/1dlc937/foodcentric_italy_itinerary/?tl=zh-hant,以美食為主的義大利行程: r/ItalyTravel,阿布魯佐有山脈和海洋。你可以造訪拉奎拉（卡拉西奧，聖史蒂芬迪塞薩尼奧）和蘇爾莫納，品嚐肉類菜餚（烤肉串，肝臟香腸……）、手工義大利麵（吉他麵）、起 ...
2026-08-25,義大利美食旅遊,5,https://www.skyscanner.com.hk/destinations/advice/dishes-you-must-try-in-italy,意大利美食遊：除了Pizza、意粉意國還有甚麼必食美食？,【意大利美食地圖】 意大利12道必吃美食與人氣餐廳推介 · 1. 正宗拿坡里披薩 · 2. 奶油白醬寬麵：簡單而極致的經典 · 3. 千層麵：濃郁層次 · 4. 米蘭燉飯： ...
2026-08-25,義大利美食旅遊,6,https://www.anthonyinmilan.com.tw/blog/food-culture,義大利美食有哪些？北義、南義飲食文化差別一次看懂,義大利各地必吃什麼？米蘭燉飯、拿坡里披薩、波隆那手工麵、Aperitivo 餐前酒文化，從主食、調味、葡萄酒到用餐禮儀，住在義大利的在地團隊整理給你。
2026-08-25,義大利美食旅遊,7,https://event.liontravel.com/zh-tw/italy/index,義大利旅遊.跟團推薦.獨家新玩法,義大利跟團熱門推薦，一起探索浪漫的威尼斯、品嘗美味的義大利料理，漫步在羅馬遺跡與世界遺產中。 跟著旅遊達人體驗累積千年的文化底蘊，享受義大利國度的秘境旅程。
2026-08-25,義大利美食旅遊,8,https://www.bring-you.info/zh-tw/italy-cuisine,【義大利美食指南】20 大必吃美食＆各區特色料理＋好吃餐廳 ...,米蘭炸牛排、米蘭燉牛膝、墨魚麵、佛羅倫斯牛排、牛肚包、培根蛋麵、羅馬式披薩、松露料理、拿坡里披薩都是來義大利必吃的美食，有哪些推薦餐廳？
2026-08-25,義大利美食旅遊,9,https://www.youtube.com/watch?v=rb3sSrno3zo,24小時吃爆義大利12道美食！正統義式披薩真的好吃嗎？誤闖 ...,店家資訊早餐Bar di Santo Spirito 披薩Giotto Pizzeria Firenze 義式冰淇淋RivaReno Gelato Firenze 義大利麵餃II Grande Nuti Trattoria 其他影片第 ...
2026-09-01,Adele Liu,1,https://www.linkedin.com/pub/dir/Adele/Liu,"40+ ""Adele Liu"" profiles","View the profiles of professionals named ""Adele Liu"" on LinkedIn. There are 40+ professionals named ""Adele Liu"", who use LinkedIn to exchange information, ..."
2026-09-01,Adele Liu,2,https://www.adeleliu.me/,Home - Adele Liu | Taiwan × Italy Food & Culture,"Adele Liu – Taiwan-born food creator in Italy. Italian recipes, cooking classes, and stories bridging Taiwan and Italy."
2026-09-01,Adele Liu,3,https://www.facebook.com/adele.liu/,Adele Liu,Adele Liu. 1428 likes · 1 talking about this. Digital creator.
2026-09-01,Adele Liu,4,https://earth.org/author/adele-liu-kramber/,"Adele Liu Kramber, Author at Earth.Org","Adele Liu Kramber is a senior at New York University Shanghai, majoring in Environmental Studies and minoring in Journalism. She has been working with ..."
2026-09-01,Adele Liu,5,https://www.instagram.com/adeleliu7068/,Adele Liu (@adeleliu7068),57 followers · 62 following · 78 posts · @adeleliu7068 · THE KING IS BACK · Amazing hotel built for the visitation of President Eisenhower. Amazing hotel built ...
2026-09-01,Adele Liu,6,https://adeleliu.co.uk/adele-liu,Adele Liu Pet Art | Photography & Portrait |,"Adele Liu has a unique approach to pet photography. Her aim is to bring the studio experience to the comfort of home, where pets are most relaxed and ..."
2026-09-01,Adele Liu,7,https://www.flickr.com/photos/51237895@N00/page2/,Adele Liu,Explore Adele Liu's 283 photos on Flickr ... Adele Liu. 6 Followers•3 Following. 283 Photos. Joined 2006. Follow. Save Cancel.
2026-09-01,Adele Liu,8,https://www.adeleliu.me/zh/tw-about/,關於我- Adele Liu | Taiwan × Italy Food & Culture,Adele Liu. 在台灣與義大利之間， 以食物、文化與生活經驗建立連結。 我不是為了食物來到義大利。 卻因為它，而離不開。 過去二十多年，我生活在台灣與拿坡里之間。 兩種 ...
2026-09-01,Adele Liu,9,https://www.tiktok.com/@adele.napolikitchenlife,Adele Liu (@adele.napolikitchenlife),"Adele Liu (@adele.napolikitchenlife) on TikTok | 73 Likes. 26 Followers. Explore vibrant recipes, local traditions, and my personal flair."
2026-09-01,Adele Liu,10,https://adeleliu.co.uk/contact,Contact Us - Adele Liu Pet Art | Photography & Portrait |,Get in touch. We'd love to hear from you. Please use the Contact form or simply drop us an email enquiries@adeleliu.co.uk. Your Name(required).
2026-09-01,Adele 的拿坡里廚房日常,1,https://www.facebook.com/DolceSalatoAdele/,Adele的拿坡里廚房日常- Dolce&Salato,做法其實很簡單： 橄欖油、蒜頭爆香 中卷下鍋，反白後嗆白酒、加黑胡椒 快熟先撈起備用 棗型小蕃茄切半，加一點鹽 蓋鍋中小火燜，讓它們慢慢軟化出汁、收成濃稠醬汁 記住一 ...
2026-09-01,Adele 的拿坡里廚房日常,2,https://www.youtube.com/@adele_cookinginitaly,Adele's Italian Kitchen - Dolce&Salato,... 的糖漬栗子？教你在家自己做！ Adele的拿坡里廚房日常. 11K views. 2 years ago · 14:11 · Mouthwatering Magic: Creamy Shrimp Potato Gnocchi. Adele的拿坡里廚房日常.
2026-09-01,Adele 的拿坡里廚房日常,3,https://www.books.com.tw/products/0010740315?srsltid\u003dAfmBOorfukxNcfmp9xp6utmj05-P-zLWfWBXFjQFWM3ZUeFGEbm9zRBR,Adele的拿坡里廚房日常：La cucina di Adele al sole di Napoli,內容簡介. ＊遠嫁拿坡里的台灣媳婦整理傳統拿坡里食譜書！ 就算三面臨火山、總理下台、退出歐盟， 每天最重要的還是今天吃什麼！ 這就是拿坡里的廚房日常！ 拿坡里不是只有 ...
2026-09-01,Adele 的拿坡里廚房日常,4,https://www.adeleliu.me/zh/tw-home/,Adele的拿坡里廚房日常,拿坡里，沒有濾鏡. 拿坡里不是一個用來旅遊的城市。 它混亂、直接、不講道理，卻真實得無法忽視。 在這裡，我學會食物從來不只是味道，而是一種生活方式。
2026-09-01,Adele 的拿坡里廚房日常,5,https://www.instagram.com/adele_cookinginitaly/,Adele Liu | Italian Food & Culture (@adele_cookinginitaly),旅居拿坡里20年的台灣人 帶你吃懂真正的義大利 食材・料理・在地生活 義大利好物團購→ 每月更新 品牌合作：info@adeleliu.me.
2026-09-01,Adele 的拿坡里廚房日常,6,https://www.eslite.com/product/1001261682564970?srsltid\u003dAfmBOoqVWOn0EinueAxN2H-o3_wyj6hehcqqILYI7mMtRWd8onOswgFb,Adele的拿坡里廚房日常,內容簡介. 遠嫁拿坡里的台灣媳婦整理傳統拿坡里食譜書！就算三面臨火山、總理下台、退出歐盟，每天最重要的還是今天吃什麼！這就是拿坡里的廚房日常！拿坡里不是只有披薩。
2026-09-01,Adele 的拿坡里廚房日常,7,https://www.sanmin.com.tw/product/index/006159696?srsltid\u003dAfmBOooY7XtJtu-d5Mtv-ph2Tbo2wtdb0Aek1HflwlY5M3tyYRHNc-k9,Adele 的拿坡里廚房日常,遠嫁拿坡里的台灣媳婦整理傳統拿坡里食譜書！ 就算三面臨火山、總理下台、退出歐盟， 每天最重要的還是今天吃什麼！ 這就是拿坡里的廚房日常！ 拿坡里不是只有披薩。
2026-09-01,Adele 的拿坡里廚房日常,8,https://www.google.it/goto?url=CAESYwHrOzAV3pA-xlOrWHApQyuBrDrnOOYnGhFbxUmi9pgQ-P-Lqv9iFYHupetFAojZSO0liUBSoRWbKPw1E-q3d5vxJmRRfhoAyHhO6OguTv-kNTQVnLzRSNVf_BJoNvnNwYwenw,Adele Liu | Italian Food & Culture | 常常有人問：「為什麼拿坡里 ...,它讓每一道料理，都能嘗到坎帕尼亞最真實的味道。 ADELE X CIBO&VINO｜義大利精品食材限時團購開跑！ 10/15～10/22 23:59 ⏰ 精選來自義大利坎帕尼亞 ...
2026-09-01,拿坡里食譜,1,https://www.adeleliu.me/zh/focaccia-pizza-al-taglio-recipe/,佛卡夏麵糰食譜｜自製拿坡里方塊披薩Pizza al Taglio - Adele Liu,想在家做拿坡里方塊披薩？Adele 分享100% 含水量佛卡夏麵糰食譜，從和麵到發酵、烘烤全程步驟詳解。用Caputo 麵粉做出蓬鬆香脆的披薩，簡單又滿足！
2026-09-01,拿坡里食譜,2,https://www.kagome.com.tw/tw/cookbook/%E7%87%9F%E9%A4%8A%E7%BE%8E%E5%91%B3%E7%85%AE/%E7%87%9F%E9%A4%8A%E7%BE%8E%E5%91%B3%E7%85%AE/%E6%8B%BF%E5%9D%A1%E9%87%8C%E7%BE%A9%E5%A4%A7%E5%88%A9%E9%BA%B5,拿坡里義大利麵-美味食譜,拿坡里義大利麵 · 奶油 1大匙 · 德國香腸 2條 · 洋蔥絲 1/2顆 · 青椒絲 1顆 · 蘑菇片 100g · 熟義大利麵 200g · 可果美蕃茄醬 8大匙 · 牛奶 2大匙.
2026-09-01,拿坡里食譜,3,https://ciao.kitchen/no-knead-pizza/,免揉義式瑪格麗特披薩，用最小的力氣做出最美味職人披薩！,這次的免揉義式瑪格麗特披薩，不用揉麵、不用攪拌機，用兩段式烘烤法讓你在家做出像披薩大師做的效果！瑪格麗特披薩，味道用番茄的酸甜和莫札瑞拉的奶 ...
2026-09-01,拿坡里食譜,4,https://magazine.feg.com.tw/magazine/tw/magazine_detail.aspx?id\u003d13826,義大利美食：拿波里披薩,好吃的披薩相當講究材料，尤其傳統的拿波里披薩用料規則受到嚴格控制，必須使用義大利「00」號小麥麵粉、酵母、天然水、剝皮的番茄或新鮮的櫻桃番茄、海鹽和特級初榨橄欖油 ...
2026-09-01,拿坡里食譜,5,https://www.reddit.com/r/uuni/comments/vj4cmu/share_your_favorite_neapolitanneoneapolitan_dough/?tl\u003dzh-hant,分享你最喜歡的拿坡里/新拿坡里披薩麵團食譜: r/uuni,拿坡里披薩麵團只有4種材料（麵粉、水、酵母、鹽），所以食譜就只是看你用什麼比例。而這些比例會根據你室溫和發酵時間長短而有所不同。網上的食譜不可能 ...
2026-09-01,拿坡里食譜,6,https://m.xiachufang.com/category/1028461/,拿波里披萨怎么做好吃_家常做法,天然酵种拿波里披萨 ; 85秒，拿波里意式披萨出炉 ; 免揉｜拿波里披萨饼底 ; 拿坡里披萨饼底 ; 最接近正宗的拿坡里风格披萨(不用窑炉烤出虎皮斑).
2026-09-01,拿坡里食譜,7,https://www.yeshealth.com.tw/blogs/73/cheesepizza?srsltid\u003dAfmBOoqrMgzrM-EpTxn9fsSp0KM_57PrYz0IfHTJ24V-74Yutv00Id29,體驗拿坡里手工披薩與法式乳酪的美味滋味:: Blog,1. 拿坡里手工披薩覆熱方式3擇1. [烤箱]預熱250度，披薩邊皮噴些許水，視個別烤箱烤2-3分鐘。 · 2. 布里乾酪切小塊放在披薩上，放進烤箱烤或是最後再灑上布 ...
2026-09-01,拿坡里料理,1,https://icook.tw/search/%E6%8B%BF%E5%9D%A1%E9%87%8C/,《拿坡里》食譜與做法，共38 道,拿坡里料理怎麼做？愛料理精選38篇簡易食譜做法與步驟，有最新的拿坡里烏龍麵、拿坡里風炒A菜、拿坡里義大利麵、日式拿坡里義大利麵。以及塔可飯、平底鍋披薩、義式燉 ...
2026-09-01,拿坡里料理,2,https://www.facebook.com/DolceSalatoAdele/posts/%E5%90%83%E5%A5%BD%E5%90%83%E7%9A%84%E6%8B%BF%E5%9D%A1%E9%87%8C%E6%96%99%E7%90%86%E7%9C%9F%E7%9A%84%E8%A6%81%E6%89%BE%E6%8B%BF%E5%9D%A1%E9%87%8C%E5%AA%BD%E5%AA%BD%E5%97%8E%E5%88%A5%E6%93%94%E5%BF%83%E4%BB%8A%E5%A4%A9adele%E8%A6%81%E4%BB%8B%E7%B4%B9%E5%A4%A7%E5%AE%B6%E4%B8%80%E9%96%93%E8%97%8F%E8%BA%AB%E5%9C%A8%E6%8B%BF%E5%9D%A1%E9%87%8C%E5%82%B3%E7%B5%B1%E5%B8%82%E5%A0%B4%E8%A3%A1%E7%9A%84%E9%81%93%E5%9C%B0%E5%B0%8F%E9%A4%90%E9%A4%A8%E7%BE%A9%E5%A4%A7%E5%88%A9-%E6%8B%BF%E5%9D%A1%E9%87%8C%E7%BE%8E%E9%A3%9F-%E7%BE%A9%E5%A4%A7%E5%88%A9%E5%AE%B6%E5%B8%B8%E8%8F%9C-%E9%81%93%E5%9C%B0%E6%8B%BF%E5%9D%A1%E9%87%8C-%E5%82%B3%E7%B5%B1%E5%B8%82%E5%A0%B4/1301010687854935/,真的要找拿坡里媽媽嗎？別擔心，今天Adele ...,吃好吃的拿坡里料理，真的要找拿坡里媽媽嗎？別擔心，今天Adele要介紹大家一間藏身在拿坡里傳統市場裡的道地小餐館。 #義大利#拿坡里美食#義大利家常 ...
2026-09-01,拿坡里料理,3,https://www.0800076666.com.tw/Menu/MenuChicken,獨門雞料理,獨門雞料理商品 · 咔滋雞腿桶(辣) · 咔滋雞腿桶(辣) · 普羅旺斯烤雞 · 普羅旺斯烤雞 · 義式炸雞超值桶 · 義式炸雞超值桶.
2026-09-01,拿坡里料理,4,https://wanderlustannie.com.tw/napoli-food/,【2026拿坡里美食】在地人推薦必吃清單：百年披薩/ 街頭小吃/ ...,拿坡里炸披薩（Pizza Fritta）其實就是在披薩麵糰裡面包上番茄跟起司還有豬油渣，然後拿去油炸，很適合當走在路上肚子餓吃的小餐點，手工的麵糰非常Q彈， ...
2026-09-01,拿坡里料理,5,https://www.reddit.com/r/ItalyTravel/comments/1facsgl/naples_food/?tl\u003dzh-hant,拿坡里美食: r/ItalyTravel,拿坡里絕對是義大利吃拿坡里料理最讚的地方。我覺得巴勒莫有我最愛的巴勒莫料理，羅馬有我最愛的羅馬料理，波隆納則是我最愛吃艾米利亞-羅馬涅地區 ...
2026-09-01,拿坡里料理,6,https://cookpad.com/tw/%E6%90%9C%E5%B0%8B/%E6%8B%BF%E5%9D%A1%E9%87%8C%E7%BE%A9%E5%A4%A7%E5%88%A9%E9%BA%B5,拿坡里義大利麵料理與家常食譜,義大利麵 • 水 • 油1 大瓢 • 鹽 • 德式燻腸切斜刀片 • 洋菇切片 • 青椒切絲 • 玉米筍切斜刀片 • 洋蔥切絲 • 青花菜 • 蒜頭切末 • 蕃茄切丁3.5 •. 60 分鐘; 2 人份.
2026-09-01,拿坡里料理,7,https://www.google.it/goto?url=CAESkwYB6zswFYUTZVxzmhUP6KSE0mLheyhfKVasGZNQssBSqBCO5pdn6gwDgShnOI24Q_8sJATX5rN4_hX7Hq1IfD6zzbQinJMqNhy5Ziy6SVk9q1rayWoF-YQvkznb1vQ54DB7OPoCVm_jXXerIqfg8vVH10rCT-laJq6xUWXO2wpdYeQbezIYhw2NpBdt7QeUW33FELRa0MeAC5PI_K3R7cB8Vd8voAWVmI_vJIn1SWQeCn7tj3lB9wR-9Cp9Db2fChJCKRNf-WglXCHwtVh4xNrhxGAJGWeWj3L9XSjjFz4GAXvslOlZ5l9hhoOrWruF-dVYYHa8qq-pQm3acMb71dXohE6QNBHYw73SThs7gA1-99uYctBWW6l3gaG0kMEEjgZQrgTQmHOdRYkVFfgiM9SD3tvQ89gXOehb9A-aaztZvKALdS8EytO0m_lhwg_t4EBRyLRyNL0MCVjb_dusNHuJwVybxAIcSjK2V1i1HmyNwJFRmrrMold8K3UwSL5b2GiwMzkU0--G2UMBnMOrgitf7m0_RF0dAtB5POIqrskf1SdEvjQTYW3DhQqG5Lygz6pPk6pB2BY3PSKPXUkvuyffk6e9QIsxMMyW4cCY_gEJZ-ffyWzN190YmYLRsWN3u5BN6BqhLwWGrfNl5oskGA0vHM3Xi5ONg-yerzuxg5imigdZXGjE3ZbLu-hs9oT_x6nCuRT_46az6oCOthU8ft-8_tQlvY6HdXOFWo9d92AUieDmOkL4AJIIWEuwphFJuZ3QDB3QwEbKhzrmrWHUKyAgNyAUdaihmmit_wKa9BfpPB9YMz03Igw_jFmI1p2SNR1vqfo--Cu22tRnvb2pn7OjCcyzKQqawtm2Iif1360Bam1j4B6Wm8qwa0tGsmUbJPh_eV3CZpu_vrLOKkbDd6CX1kmuNQG6qyAMfFuJgHaLopn7_Zx4ATOzTgRModsvjUDZLZyzxwVVs8VBi4GDtrL_4YSjbuCkEjSO8L5AEcQ-q1UJ16gcrhad3Lc7No_tzsNJPgHnMCW459CM3DLtpbVH0RWf,常常有人問：「為什麼拿坡里的料理，看起來都特別好吃 ...,常常有人問：「為什麼拿坡里的料理，看起來都特別好 吃？」 關鍵就在坎帕尼亞——有陽光、有海風，還有肥沃的火 山土壤，真的種什麼都好吃。 今天要跟大家 ...
2026-09-01,拿坡里料理,8,https://www.adeleliu.me/zh/napolitan-potato-pasta-aunt-kitchen/,拿坡里馬鈴薯義大利麵食譜｜Adele在義大利的鄰居廚房日常,在義大利跟阿姨當鄰居是種幸福！Adele分享如何用自家甜橙果醬、特級橄欖油和新鮮食材，烹製道地拿坡里馬鈴薯義大利麵。一起進入聖誕節準備的廚房節奏。
2026-09-01,義大利料理 Adele Liu,1,https://www.instagram.com/adele_cookinginitaly/,Adele Liu | Italian Food & Culture (@adele_cookinginitaly),旅居拿坡里20年的台灣人 帶你吃懂真正的義大利 食材・料理・在地生活 義大利好物團購→ 每月更新 品牌合作：info@adeleliu.me.
2026-09-01,義大利料理 Adele Liu,2,https://www.adeleliu.me/zh/tw-home/,Adele的拿坡里廚房日常,"Adele Liu – Taiwan-born food creator in Italy. Italian recipes, cooking ... 義大利料理常被簡化，也常被誤解。在這裡，食譜不只是做法， 而是由地域、習慣與 ..."
2026-09-01,義大利料理 Adele Liu,3,https://www.books.com.tw/products/0010740315?srsltid\u003dAfmBOop8uHrsT5OSv6dYJxzMPQsFTt53iPIKFAlPzu6ARjSO6c8AZ4RK,Adele的拿坡里廚房日常：La cucina di Adele al sole di Napoli,來自台灣的義大利媳婦，與丈夫帕哥、愛狗麵包屑現居美食之都拿坡里十一個年頭，在各個廚藝身手非凡的婆婆、阿姨調教之下，從對料理一竅不通進化到，能夠做出一桌不亞於本地 ...
2026-09-01,義大利料理 Adele Liu,4,https://www.youtube.com/@adele_cookinginitaly,Adele's Italian Kitchen - Dolce&Salato,教你在家自己做！ Adele的拿坡里廚房日常. 11K views. 2 years ago · 14:11 ... 義大利的海鮮料理超厲害！收集來自義大利各個地區的道地義大利海鮮食譜，你也能 ...
2026-09-01,義大利料理 Adele Liu,5,http://www.adeleliu.com/,"Life to italy - Life in italy, A little bit of everything! Adele Liu的 ...","Life to Italy, Life in Italy by Adele Liu的個人中文網站, 將在義大利生活多年的特別經驗和義大利時尚美食等好康資訊介紹給大家. 接收中/英/義/西/法文等商務網站 ..."
2026-09-01,義大利料理 Adele Liu,6,https://icook.tw/recipes/39340,蒜香辣椒義大利麵by Adele Liu,"材料的品質是決定這盤蒜香辣椒義大利麵美味與否的關鍵. 滑順的特級初榨橄欖油, 彈牙的義大利麵條, 撲鼻的蒜香與非常刺激的辣椒, 吃完保證讓你大呼過癮!"
2026-09-01,義大利料理 Adele Liu,7,https://www.adeleliu.me/zh/tag/%E7%BE%A9%E5%A4%A7%E5%88%A9/,義大利Archives - Adele Liu | Taiwan × Italy Food & Culture,夏天來臨，Adele 想跟大家分享在義大利生活最迷人的季節風情。讓我們一起感受地中海的陽光、美食與悠閒的生活步調。 Read More ...
2026-09-01,義大利料理 Adele Liu,8,https://www.facebook.com/K2.Cucina/posts/2018-4-17%E6%8B%BF%E5%9D%A1%E9%87%8C%E4%BF%8F%E5%BB%9A%E5%A8%98%E7%9A%84%E9%A4%90%E6%A1%8C%E9%97%9C%E6%96%BCadele-liu%E4%BE%86%E8%87%AA%E5%8F%B0%E7%81%A3%E7%9A%84%E7%BE%A9%E5%A4%A7%E5%88%A9%E5%AA%B3%E5%A9%A6%E8%88%87%E4%B8%88%E5%A4%AB%E5%B8%95%E5%93%A5%E6%84%9B%E7%8B%97%E9%BA%B5%E5%8C%85%E5%B1%91%E7%8F%BE%E5%B1%85%E7%BE%8E%E9%A3%9F%E4%B9%8B%E9%83%BD%E6%8B%BF%E5%9D%A1%E9%87%8C%E5%8D%81%E4%B8%80%E5%80%8B%E5%B9%B4%E9%A0%AD%E5%9C%A8%E5%90%84%E5%80%8B%E5%BB%9A%E8%97%9D%E8%BA%AB%E6%89%8B%E9%9D%9E%E5%87%A1%E7%9A%84%E5%A9%86%E5%A9%86%E9%98%BF%E5%A7%A8%E8%AA%BF%E6%95%99%E4%B9%8B/1644462722269395/,【2018-4-17拿坡里俏廚娘的餐桌】 ｜關於Adele Liu 來自 ...,... Adele Liu 來自台灣的義大利媳婦，與丈夫帕哥、愛狗麵包屑現居美食之都拿坡里十一個年頭，在各個廚藝身手非凡的婆婆、阿姨調教之下，從對料理一竅不通 ...
2026-09-01,義大利生活 Adele Liu,1,https://www.instagram.com/adele_cookinginitaly/,Adele Liu | Italian Food & Culture (@adele_cookinginitaly),旅居拿坡里20年的台灣人 帶你吃懂真正的義大利 食材・料理・在地生活 義大利好物團購→ 每月更新 品牌合作：info@adeleliu.me.
2026-09-01,義大利生活 Adele Liu,2,http://www.adeleliu.com/,"Life to italy - Life in italy, A little bit of everything! Adele Liu的 ...","Life to Italy, Life in Italy by Adele Liu的個人中文網站, 將在義大利生活多年的特別經驗和義大利時尚美食等好康資訊介紹給大家. 接收中/英/義/西/法文等商務網站 ..."
2026-09-01,義大利生活 Adele Liu,3,https://www.adeleliu.me/zh/tag/%E7%BE%A9%E5%A4%A7%E5%88%A9/,義大利Archives - Adele Liu | Taiwan × Italy Food & Culture,夏天來臨，Adele 想跟大家分享在義大利生活最迷人的季節風情。讓我們一起感受地中海的陽光、美食與悠閒的生活步調。 Read More. Adele Liu. Categories. 料理集 (280).
2026-09-01,義大利生活 Adele Liu,4,https://www.adeleliu.me/zh/tw-about/,關於我- Adele Liu | Taiwan × Italy Food & Culture,我不是為了食物來到義大利。 卻因為它，而離不開。 過去二十多年，我生活在台灣與拿坡里之間。 兩種文化看待食物的方式截然不同， 卻同樣強烈、同樣深刻。
2026-09-01,義大利生活 Adele Liu,5,https://www.books.com.tw/products/0010740315?srsltid\u003dAfmBOoq6GIZAfX1QEvc0Bp23qMQ8Hai-XoAxijBSwXnHhYe1PL2RsErv,Adele的拿坡里廚房日常：La cucina di Adele al sole di Napoli,來自台灣的義大利媳婦，與丈夫帕哥、愛狗麵包屑現居美食之都拿坡里十一個年頭，在各個廚藝身手非凡的婆婆、阿姨調教之下，從對料理一竅不通進化到，能夠做出一桌不亞於本地 ...
2026-09-01,義大利生活 Adele Liu,6,https://www.youtube.com/@adele_cookinginitaly,Adele's Italian Kitchen - Dolce&Salato,Adele的拿坡里廚房日常 ... 移居義大利已近十五個年頭，義大利菜吃得快比台灣米多了。但義大利總還是有辦法在出其不意的時間或地點發生新奇事，果然是一個很難掌握的國度。
2026-09-01,義大利生活 Adele Liu,7,https://www.adeleliu.me/zh/italy-daily-life-recent-stories/,義大利生活日常｜最近發生的大小事分享 - Adele Liu,在義大利生活久了，慢慢習慣了這裡悠閒的步調。每一天都有值得記錄的時刻，無論是晨間的咖啡、市場的採購，還是夕陽西下時的散步，都成了我生活的一部分。
2026-09-01,義大利生活 Adele Liu,8,https://www.facebook.com/DolceSalatoAdele/,Adele的拿坡里廚房日常- Dolce&Salato,很多人說拿坡里很危險，我完全同意。 拿坡里有攝人心魂的山海美景、有喧囂險惡的江湖風 情，還有令人欲罷不能的美食，這個城市太容易讓人 情迷深陷。
2026-09-01,拿坡里旅遊 Adele Liu,1,http://www.adeleliu.com/,"Life to italy - Life in italy, A little bit of everything! Adele Liu的 ...","Life to Italy, Life in Italy by Adele Liu的個人中文網站, 將在義大利生活多年的特別經驗和義大利時尚美食等好康資訊介紹給大家. 接收中/英/義/西/法文等商務網站 ..."
2026-09-01,拿坡里旅遊 Adele Liu,2,https://www.instagram.com/adele_cookinginitaly/,Adele Liu | Italian Food & Culture (@adele_cookinginitaly),旅居拿坡里20年的台灣人 帶你吃懂真正的義大利 食材・料理・在地生活 義大利好物團購→ 每月更新 品牌合作：info@adeleliu.me · 一個月，兩支阿瑪菲海岸的 ...
2026-09-01,拿坡里旅遊 Adele Liu,3,https://www.adeleliu.me/,Home - Adele Liu | Taiwan × Italy Food & Culture,"Adele Liu – Taiwan-born food creator in Italy. Italian recipes, cooking classes, and stories bridging Taiwan and Italy."
2026-09-01,拿坡里旅遊 Adele Liu,4,https://www.facebook.com/DolceSalatoAdele/,Adele的拿坡里廚房日常- Dolce&Salato,拿坡里很難形容。 有點髒、有點吵、有點瘋，但也真實到讓人會不小心愛上 。 你不是來參觀歷史，而是會直接被它吸進去。 如果你想要我整理的拿坡里地圖（景點、美食 ...
2026-09-01,拿坡里旅遊 Adele Liu,5,https://www.eslite.com/product/1001261682564970?srsltid\u003dAfmBOorwFxcAWY8PsP3p7lBo2WKurymqaB5v1ZNocJDJVzTXLiqcIE_z,Adele的拿坡里廚房日常,十一年前，一位台南少女為愛遠嫁到這南義第一大城，在義大利家人的傳承之下，不但學會了一手道地拿坡里傳統料理，還深深體會到「吃」這件事情對義大利人有多麼重要。書中 ...
2026-09-01,拿坡里旅遊 Adele Liu,6,https://lillian.tw/napoli/,【2026拿坡里自由行攻略】那不勒斯景點/交通/行程/住宿/治安 ...,這篇拿坡里自由行攻略重點會放在拿玻里的住宿、交通、行程景點和多數人最想知道的拿玻里治安。 『若你到了義大利卻沒有去過南邊，那等於沒去過真正 ...
2026-09-01,拿坡里旅遊 Adele Liu,7,https://www.google.it/goto?url=CAESYwHrOzAV0k3ST_ZL9gvAxDDyslGmxsJA2hd5f2IgS8uwIROkS5eQ_ttAFL3pgSc23DaNtiz8uP1LPCFnq_LiGYvAMDiCdTcPaio6wrlYd0pkHvBMadIjMHTXvszsqm-CNsehVQ,Adele Liu | Italian Food & Culture | 我和Giovanni兩人聯手，為 ...,滿1600 元免運 團購連結： https://cibusjoy.com/product-category/group-buying-event/adele%E7%9A%84 ...
2026-09-01,義大利旅遊,1,https://event.liontravel.com/zh-tw/italy/index,義大利旅遊.跟團推薦.獨家新玩法,"豐富歐洲義大利旅遊行程及景點資訊,經典必遊如義大利羅馬.米蘭.威尼斯.五鄉地.阿瑪菲.卡布里島.彩色島.天空之城等熱門旅遊城市,推薦更多去的義大利特殊體驗,了解義大利 ..."
2026-09-01,義大利旅遊,2,https://www.settour.com.tw/act/gfg/europe/italy/,經典義大利跟團行程‧羅馬威尼斯佛羅倫斯,義大利旅遊推薦首選！精選義大利跟團行程，走訪羅馬、威尼斯、佛羅倫斯、米蘭等經典城市，體驗文藝復興藝術、世界遺產與浪漫南歐風情。多元團費選擇，完整義大利旅遊 ...
2026-09-01,義大利旅遊,3,https://www.travel.com.tw/TOU/TOU0020/EII1300078,義大利全覽13天(卡布里. 阿瑪菲海岸. 童話蘑菇村. 雙評鑑美食),"漫遊卡布里、龐貝、馬特拉、貢多拉、童話蘑菇村... Espresso咖啡，且威尼斯連續住續兩晚搭乘一段快速火車。升等米其林推薦及紅蝦美食指南餐廳, 讓人忍不住一再回味！"
2026-09-01,義大利旅遊,4,https://www.travel4u.com.tw/group/area/138/italy-southern-france/,精彩遊南歐｜義大利團體旅遊推薦,山富旅遊提供精選義大利旅遊，帶您走訪米蘭、威尼斯、羅馬、佛羅倫斯、比薩等經典義大利必遊景點。走訪五漁村，踏入梵諦岡聖彼得大教堂、搭乘貢多拉，探索壯麗絕美的多 ...
2026-09-01,義大利旅遊,5,https://lilliansblog.com/italy-git/,2026義大利景點推薦：羅馬/佛羅倫斯/米蘭/威尼斯必買,2026義大利景點推薦：羅馬/佛羅倫斯/米蘭/威尼斯/多洛米蒂/五漁村景點、美食、伴手禮與自由行注意事項 ... 義大利自由行！義大利旅遊！義大利景點有哪些？
2026-09-01,義大利旅遊,6,https://www.pac-group.net/index.php?pp\u003ditaly,義大利跟團推薦攻略｜義大利景點、旅行團行程比較與團費整理,義大利是許多人夢想中的歐洲旅行目的地。從羅馬古文明、佛羅倫斯文藝復興、威尼斯水都風情，到托斯卡尼酒鄉、米蘭時尚與南義阿瑪菲海岸，每個地區都有截然不同的魅力。
2026-09-01,義大利旅遊,7,https://www.almaburton.com.tw/customized_travel/italy-13d/,義大利旅遊13日｜走訪威尼斯佛羅倫斯與科莫湖,艾瑪伯頓規劃義大利13日文藝旅遊，全程入住五星豪華酒店，搭配尊榮包車走訪威尼斯、佛羅倫斯、西恩納、科莫湖與米蘭，感受比薩斜塔、羅馬競技場歷史風華。
2026-09-01,義大利旅遊,8,https://www.galilee.com.tw/italy,在最佳義大利旅遊季節，來一趟精緻義大利跟團遊,旅遊天數 · 義大利．威尼斯面具節10日(冬季) - 【印象系列】 · 義大利．寶藍威尼斯10日- 【印象系列】四段高鐵． · 義大利．浪漫鐵道14日(蜜月推薦) - 【臻選系列 · 義大利 ...
2026-09-01,義大利旅遊,9,https://www.no1tour.com.tw/travel-assistant/italy-travel-guide,義大利旅遊怎麼玩？義大利自由行懶人包：景點、路線與深度 ...,第一次去義大利怎麼安排？本篇完整整理義大利自由行重點：經典路線、旅遊天數、必訪城市、景點節奏與深度玩法。從羅馬、佛羅倫斯、威尼斯到托斯卡納與阿瑪菲海岸， ...
2026-09-01,拿坡里自由行,1,https://lillian.tw/napoli/,【2026拿坡里自由行攻略】那不勒斯景點/交通/行程/住宿/治安 ...,價格：拿玻里卡3天27歐/青年卡16歐。全區域卡3天41歐/7天43歐/青年卡30歐。 功能：拿玻里卡只能在拿玻里市區使用，包含地鐵、公車跟景點免費參觀。全區域 ...
2026-09-01,拿坡里自由行,2,https://www.bring-you.info/zh-tw/napoli,【義大利拿坡里】那不勒斯好玩景點、美食餐廳、住宿、旅遊攻略,拿玻里市區景點 · 聖埃莫堡（Castel Sant'Elmo） · 蛋堡（Castel dell'Ovo） · 新堡（Castel Nuovo） · 拿坡里皇宮（Palazzo Reale） · 平民表決廣場（Piazza ...
2026-09-01,拿坡里自由行,3,https://wanderlustannie.com.tw/napoli/,【2026拿坡里自由行】那不勒斯旅遊：住宿區域治安/ 交通票券 ...,拿坡里自由行治安、景點交通、住宿、美食深度旅遊攻略通通都在這篇！雖然大家都擔心拿坡里治安，但它是我目前最愛的義大利城市！我的拿坡里朋友說：沒 ...
2026-09-01,拿坡里自由行,4,https://www.google.it/goto?url=CAESYwHrOzAVI7YkwNIfzfmlIeiyXzrSH1WJbD_YV-y-y9FZkTdiSB5qJjtO97Ko8g3ZB45AJ42H1VWn08hE3bQgJK8Y70pKjrgRhai_p2NzYXuIuD2Chc2dyDGZp6uCxCWh4HMegA,義大利旅遊攻略！2026最新拿坡里自由行4天3夜🇮🇹 龐貝古城,拿坡里治安真的不好嗎？這次從羅馬出發，走進義大利南部最有生命力的城市。這集是我的2026 最新拿坡里自由行Vlog。旅程一開始就遇上義大利罷工， ...
2026-09-01,拿坡里自由行,5,https://ciaosanbo.com/%E6%8B%BF%E5%9D%A1%E9%87%8Cnapoli-%E6%8B%BF%E5%9D%A1%E9%87%8C%E6%97%85%E9%81%8A%E5%BF%85%E8%A8%AA%E8%80%81%E5%9F%8E%E7%A7%81%E6%88%BF%E6%99%AF%E9%BB%9E%EF%BC%81/,拿坡里旅遊必訪老城私房景點！愛上拿坡里舊城區的老義大 ...,拿坡里老城景點1：一分為二的老城窄巷“SpaccaNapoli” · 拿坡里老城景點2：靈魂人物Pulcinella銅像 · 拿坡里老城景點3：西班牙街區Quartieri Spagnoli ...
2026-09-01,拿坡里自由行,6,https://oliviatraveling.com/napoli/,南義｜快閃拿坡里(Napoli)自由行攻略：行前準備、景點,建議住在托萊多街、翁貝托一世長廊、平民表決廣場、拿坡里王宮和保羅聖芳濟教堂附近，那邊有滿多東西可以吃，要去港口搭船也很方便！
2026-09-01,拿坡里自由行,7,https://carolblog.tw/napoli/,拿坡里自由行攻略2026｜五天四夜行程、那不勒斯景點,拿坡里景點 · 拿坡里考古博物館：收藏大量龐貝文物，建議安排在龐貝古城之後再來。 · 聖埃莫堡：山上的堡壘，可以俯瞰拿坡里和大海，還能看到維蘇威火山。
2026-09-01,拿坡里自由行,8,https://kimiyo.tw/napoli/,【拿坡里自助旅遊】龐貝古城、卡布里藍洞與阿瑪菲海岸行程規劃,拿坡里市區1天、蘇連多+龐貝1天、卡布里島1天、阿瑪菲海岸1~2天，如果以蘇連多為中心並用放射狀方式規劃，最少需要4~5天才能夠把周邊景點看個粗略，但其實 ...
2026-09-01,拿坡里自由行,9,https://www.klook.com/zh-TW/destination/c126-naples/,那不勒斯自由行旅遊攻略2026:景點推薦,阿瑪菲海岸和波西塔諾絕對是我一生中值得一遊的地方，但我認為我近期內不會再回到阿瑪菲海岸和波西塔諾了。從拿坡里搭船過去的旅程很愉快，儘管天氣潮濕又炎熱。
2026-09-01,義大利美食旅遊,1,https://lillian.tw/italy_food/,【2026義大利自由行美食攻略】在地人推薦美食/飲食文化/省 ...,義大利可以說是美食的天堂，大家到義大利自由行一定會每天都吃到一個翻掉，這篇文章集結了我義大利75天自由行當地人推薦我吃的必吃美食、我自己心目中 ...
2026-09-01,義大利美食旅遊,2,https://www.getyourguide.com/zh-tw/explorer/italy-ttd169011/food-in-italy/,十道菜，帶你認識義大利（Italy）最棒的美食,義大利最棒的美食：十道必吃的知名菜餚（Italy） · 1. 米蘭風味燴飯（Risotto alla Milanese） · 2. 卡邦納拉（Carbonara） · 3. 提拉米蘇（Tiramisu） · 4. 那不勒斯風味披薩 ...
2026-09-01,義大利美食旅遊,3,https://ciaosanbo.com/%E7%BE%A9%E5%A4%A7%E5%88%A9-italy-%E7%BE%A9%E5%A4%A7%E5%88%A9%E5%BF%85%E5%90%83%E7%BE%8E%E9%A3%9F%E6%8E%A8%E8%96%A6%E6%B8%85%E5%96%AE%EF%BC%81%E4%B8%8D%E8%83%BD%E9%8C%AF%E9%81%8E%E7%9A%84%E7%BE%A9/,義大利必吃美食推薦清單！不能錯過的義大利美食,義大利必吃美食推薦1 ： · Pizza、瑪格麗特披薩 · 義大利必吃美食推薦2 ： · Pasta 義大利麵& Lasagna千層麵 · 義大利必吃美食推薦3 ： · 義式濃縮咖啡(Caffè) ...
2026-09-01,義大利美食旅遊,4,https://www.reddit.com/r/ItalyTravel/comments/1dlc937/foodcentric_italy_itinerary/?tl\u003dzh-hant,以美食為主的義大利行程: r/ItalyTravel,阿布魯佐有山脈和海洋。你可以造訪拉奎拉（卡拉西奧，聖史蒂芬迪塞薩尼奧）和蘇爾莫納，品嚐肉類菜餚（烤肉串，肝臟香腸……）、手工義大利麵（吉他麵）、起 ...
2026-09-01,義大利美食旅遊,5,https://www.skyscanner.com.hk/destinations/advice/dishes-you-must-try-in-italy,意大利美食遊：除了Pizza、意粉意國還有甚麼必食美食？,【意大利美食地圖】 意大利12道必吃美食與人氣餐廳推介 · 1. 正宗拿坡里披薩 · 2. 奶油白醬寬麵：簡單而極致的經典 · 3. 千層麵：濃郁層次 · 4. 米蘭燉飯： ...
2026-09-01,義大利美食旅遊,6,https://www.anthonyinmilan.com.tw/blog/food-culture,義大利美食有哪些？北義、南義飲食文化差別一次看懂,義大利各地必吃什麼？米蘭燉飯、拿坡里披薩、波隆那手工麵、Aperitivo 餐前酒文化，從主食、調味、葡萄酒到用餐禮儀，住在義大利的在地團隊整理給你。
2026-09-01,義大利美食旅遊,7,https://www.bring-you.info/zh-tw/italy-cuisine,【義大利美食指南】20 大必吃美食＆各區特色料理＋好吃餐廳 ...,米蘭炸牛排、米蘭燉牛膝、墨魚麵、佛羅倫斯牛排、牛肚包、培根蛋麵、羅馬式披薩、松露料理、拿坡里披薩都是來義大利必吃的美食，有哪些推薦餐廳？
2026-09-01,義大利美食旅遊,8,https://www.travel.com.tw/TOU/TOU0020/EII1400018,義大利全覽13天(卡布里. 阿瑪菲海岸. 童話蘑菇村. 雙評鑑美食),"漫遊卡布里、龐貝、馬特拉、貢多拉、童話蘑菇村... Espresso咖啡，且威尼斯連續住續兩晚搭乘一段快速火車。升等米其林推薦及紅蝦美食指南餐廳, 讓人忍不住一再回味！"
2026-09-01,義大利美食旅遊,9,https://www.klook.com/zh-HK/blog/italy-to-eat/,23間意大利餐廳推介必食佛羅倫斯牛扒、羅馬炸飯糰,從經典的佛羅倫斯牛排到羅馬的街頭小吃，每個地區都有著獨特的風味體驗，傳承著數百年的烹飪傳統。今次Klook帶你探索23間最值得一試的義大利餐廳和街頭 ...
